ProductName,Revenue
Côte de Blaye,141396.7352294922
Thüringer Rostbratwurst,80368.67199707031
Raclette Courdavault,71155.70002746582
Tarte au sucre,47234.969902038574
Camembert Pierrot,46825.48013305664
Gnocchi di nonna Alice,42593.060092926025
Manjimup Dried Apples,41819.650245666504
Alice Mutton,32698.37998199463
Carnarvon Tigers,29171.875
Rössle Sauerkraut,25696.63983154297
