CategoryName,Revenue
Beverages,267868.1805229187
Dairy Products,234507.28521728516
Confections,167357.22483158112
Meat/Poultry,163022.3590888977
Seafood,131261.73742485046
Condiments,106047.08498954773
Produce,99984.58006858826
Grains/Cereals,95744.587474823
